ids,tot E,tot G,tot FO,tot,tot %,Fund6 E,Fund6 G,Fund6 FO,Fund6 %,Fund7 E,Fund7 G,Fund7 FO,Fund7 %,Fund8 E,Fund8 G,Fund8 FO,Fund8 %,Fund9 E,Fund9 G,Fund9 FO,Fund9 %,active funds,"consecutive
active funds",email,anonymized_ids
z_assessor_2030,12,37,4,53,92.45%,5,1,0,100.00%,5,17,4,84.62%,1,12,0,100.00%,1,7,0,100.00%,4,4,1-test@example.org,"z_assessor_2030, z_assessor_662, z_assessor_278"
z_assessor_2034,0,19,5,24,79.17%,0,4,1,80.00%,0,0,0,0.00%,0,15,3,83.33%,0,0,1,0.00%,3,0,2-test@example.org,"z_assessor_2034, z_assessor_433"
z_assessor_2040,0,42,5,47,89.36%,0,3,0,100.00%,0,0,0,0.00%,0,23,2,92.00%,0,16,3,84.21%,3,2,3-test@example.org,"z_assessor_2040, z_assessor_314"
z_assessor_2044,6,35,1,42,97.62%,6,1,0,100.00%,0,27,0,100.00%,0,3,1,75.00%,0,4,0,100.00%,4,1,4-test@example.org,"z_assessor_2044, z_assessor_40"
z_assessor_2047,37,59,2,98,97.96%,6,3,0,100.00%,13,10,1,95.83%,6,18,0,100.00%,12,28,1,97.56%,4,4,5-test@example.org,"z_assessor_2047, z_assessor_35"
z_assessor_2048,38,257,18,313,94.25%,28,92,7,94.49%,5,3,0,100.00%,1,84,7,92.39%,4,78,4,95.35%,4,4,6-test@example.org,"z_assessor_2048, z_assessor_43"
z_assessor_517,1,14,0,15,100.00%,1,14,0,100.00%,0,0,0,0.00%,0,0,0,0.00%,0,0,0,0.00%,1,0,7-test@example.org,z_assessor_517
z_assessor_2070,3,20,0,23,100.00%,3,1,0,100.00%,0,0,0,0.00%,0,0,0,0.00%,0,19,0,100.00%,3,1,8-test@example.org,"z_assessor_2070, z_assessor_302"
z_assessor_2073,12,96,9,117,92.31%,0,0,0,0.00%,5,38,7,86.00%,1,30,1,96.88%,6,28,1,97.14%,3,3,9-test@example.org,"z_assessor_2073, z_assessor_758"
z_assessor_434,0,9,3,12,75.00%,0,5,3,62.50%,0,0,0,0.00%,0,4,0,100.00%,0,0,0,0.00%,2,0,10-test@example.org,z_assessor_434
z_assessor_101,3,8,0,11,100.00%,3,8,0,100.00%,0,0,0,0.00%,0,0,0,0.00%,0,0,0,0.00%,1,0,11-test@example.org,z_assessor_101
z_assessor_2080,0,18,0,18,100.00%,0,9,0,100.00%,0,8,0,100.00%,0,0,0,0.00%,0,1,0,100.00%,4,1,12-test@example.org,"z_assessor_2080, z_assessor_208"
z_assessor_2081,6,45,4,55,92.73%,6,3,1,90.00%,0,14,1,93.33%,0,18,2,90.00%,0,10,0,100.00%,4,4,13-test@example.org,"z_assessor_2081, z_assessor_276, z_assessor_178"
z_assessor_2082,0,13,1,14,92.86%,0,2,0,100.00%,0,5,1,83.33%,0,0,0,0.00%,0,6,0,100.00%,4,1,14-test@example.org,"z_assessor_2082, z_assessor_218"
z_assessor_2088,12,133,16,161,90.06%,5,2,0,100.00%,7,44,2,96.23%,0,45,10,81.82%,0,42,4,91.30%,4,4,15-test@example.org,"z_assessor_2088, z_assessor_635"
z_assessor_531,9,4,1,14,92.86%,9,4,1,92.86%,0,0,0,0.00%,0,0,0,0.00%,0,0,0,0.00%,1,0,16-test@example.org,z_assessor_531
z_assessor_2093,1,32,1,34,97.06%,1,7,0,100.00%,0,11,0,100.00%,0,10,0,100.00%,0,4,1,80.00%,4,0,17-test@example.org,"z_assessor_2093, z_assessor_160"
z_assessor_2095,2,53,7,62,88.71%,1,7,1,88.89%,1,15,0,100.00%,0,30,3,90.91%,0,1,3,25.00%,4,0,18-test@example.org,"z_assessor_2095, z_assessor_251"
z_assessor_2098,0,52,13,65,80.00%,0,1,1,50.00%,0,9,1,90.00%,0,7,3,70.00%,0,35,8,81.40%,4,1,19-test@example.org,"z_assessor_2098, z_assessor_336"
z_assessor_53,5,51,0,56,100.00%,5,38,0,100.00%,0,13,0,100.00%,0,0,0,0.00%,0,0,0,0.00%,3,0,20-test@example.org,z_assessor_53
z_assessor_2108,3,109,8,120,93.33%,0,0,0,0.00%,0,0,0,0.00%,1,62,2,96.92%,2,47,6,89.09%,2,2,21-test@example.org,"z_assessor_2108, z_assessor_215"
z_assessor_2110,13,93,6,112,94.64%,6,9,0,100.00%,6,2,0,100.00%,0,21,2,91.30%,1,61,4,93.94%,4,4,22-test@example.org,"z_assessor_2110, z_assessor_31"
z_assessor_2113,11,11,0,22,100.00%,0,0,0,0.00%,3,2,0,100.00%,8,4,0,100.00%,0,5,0,100.00%,3,3,23-test@example.org,"z_assessor_2113, z_assessor_935"
z_assessor_2114,28,80,1,109,99.08%,5,6,0,100.00%,16,23,0,100.00%,7,27,0,100.00%,0,24,1,96.00%,4,4,24-test@example.org,"z_assessor_2114, z_assessor_454"
z_assessor_147,7,8,0,15,100.00%,4,2,0,100.00%,3,6,0,100.00%,0,0,0,0.00%,0,0,0,0.00%,2,0,25-test@example.org,z_assessor_147
z_assessor_2121,0,12,0,12,100.00%,0,0,0,0.00%,0,6,0,100.00%,0,1,0,100.00%,0,5,0,100.00%,3,3,26-test@example.org,"z_assessor_2121, z_assessor_833"
z_assessor_1075,1,17,2,20,90.00%,0,0,0,0.00%,0,0,0,0.00%,1,17,2,90.00%,0,0,0,0.00%,1,0,27-test@example.org,z_assessor_1075
z_assessor_2123,3,77,7,87,91.95%,0,0,0,0.00%,0,0,0,0.00%,2,23,6,80.65%,1,54,1,98.21%,2,2,28-test@example.org,"z_assessor_2123, z_assessor_1076"
z_assessor_2129,1,276,71,348,79.60%,1,106,3,97.27%,0,116,3,97.48%,0,24,64,27.27%,0,30,1,96.77%,4,1,29-test@example.org,"z_assessor_2129, z_assessor_46"
z_assessor_2132,0,31,1,32,96.88%,0,7,0,100.00%,0,24,1,96.00%,0,0,0,0.00%,0,0,0,0.00%,3,0,30-test@example.org,"z_assessor_2132, z_assessor_41"
z_assessor_2133,0,17,2,19,89.47%,0,0,0,0.00%,0,3,0,100.00%,0,3,2,60.00%,0,11,0,100.00%,3,1,31-test@example.org,"z_assessor_2133, z_assessor_80"
z_assessor_737,0,27,2,29,93.10%,0,0,0,0.00%,0,27,2,93.10%,0,0,0,0.00%,0,0,0,0.00%,2,0,32-test@example.org,z_assessor_737
z_assessor_2138,0,13,1,14,92.86%,0,1,0,100.00%,0,3,0,100.00%,0,2,1,66.67%,0,7,0,100.00%,4,1,33-test@example.org,"z_assessor_2138, z_assessor_146"
z_assessor_2142,22,167,5,194,97.42%,1,0,0,100.00%,15,54,0,100.00%,4,58,2,96.88%,2,55,3,95.00%,4,4,34-test@example.org,"z_assessor_2142, z_assessor_130"
z_assessor_2152,1,7,3,11,72.73%,1,2,0,100.00%,0,1,0,100.00%,0,3,3,50.00%,0,1,0,100.00%,4,1,35-test@example.org,"z_assessor_2152, z_assessor_587"
z_assessor_1086,0,19,2,21,90.48%,0,6,0,100.00%,0,9,0,100.00%,0,4,2,66.67%,0,0,0,0.00%,3,0,36-test@example.org,"z_assessor_1086, z_assessor_324"
z_assessor_2155,1,8,1,10,90.00%,0,0,0,0.00%,0,0,0,0.00%,1,8,0,100.00%,0,0,1,0.00%,2,0,37-test@example.org,"z_assessor_2155, z_assessor_1087"
z_assessor_2156,7,156,45,208,78.37%,4,47,17,75.00%,0,49,20,71.01%,3,40,4,91.49%,0,20,4,83.33%,4,2,38-test@example.org,"z_assessor_2156, z_assessor_289"
z_assessor_2160,2,25,4,31,87.10%,0,1,0,100.00%,1,20,4,84.00%,1,2,0,100.00%,0,2,0,100.00%,4,4,39-test@example.org,"z_assessor_2160, z_assessor_125"
z_assessor_2167,4,60,1,65,98.46%,4,30,1,97.14%,0,30,0,100.00%,0,0,0,0.00%,0,0,0,0.00%,4,0,40-test@example.org,"z_assessor_2167, z_assessor_577"
z_assessor_2169,6,136,7,149,95.30%,0,0,0,0.00%,0,18,1,94.74%,1,80,5,94.19%,5,38,1,97.73%,3,3,41-test@example.org,"z_assessor_2169, z_assessor_681"
z_assessor_2170,2,18,2,22,90.91%,1,2,0,100.00%,0,0,0,0.00%,1,4,1,83.33%,0,12,1,92.31%,3,2,42-test@example.org,"z_assessor_2170, z_assessor_334"
z_assessor_745,0,55,4,59,93.22%,0,0,0,0.00%,0,55,3,94.83%,0,0,1,0.00%,0,0,0,0.00%,2,0,43-test@example.org,z_assessor_745
z_assessor_2174,1,36,1,38,97.37%,0,13,1,92.86%,1,16,0,100.00%,0,1,0,100.00%,0,6,0,100.00%,4,4,44-test@example.org,"z_assessor_2174, z_assessor_282"
z_assessor_612,1,65,14,80,82.50%,1,43,2,95.65%,0,22,3,88.00%,0,0,9,0.00%,0,0,0,0.00%,3,0,45-test@example.org,z_assessor_612
z_assessor_2180,2,113,14,129,89.15%,2,26,0,100.00%,0,71,4,94.67%,0,5,6,45.45%,0,11,4,73.33%,4,0,46-test@example.org,"z_assessor_2180, z_assessor_113"
z_assessor_2181,0,7,3,10,70.00%,0,0,0,0.00%,0,3,0,100.00%,0,4,2,66.67%,0,0,1,0.00%,3,0,47-test@example.org,"z_assessor_2181, z_assessor_830"
z_assessor_2192,3,206,15,224,93.30%,0,0,0,0.00%,0,44,0,100.00%,0,94,14,87.04%,3,68,1,98.61%,3,3,48-test@example.org,"z_assessor_2192, z_assessor_20"
z_assessor_2201,0,18,3,21,85.71%,0,0,0,0.00%,0,7,0,100.00%,0,11,3,78.57%,0,0,0,0.00%,3,0,49-test@example.org,"z_assessor_2201, z_assessor_56"
z_assessor_590,1,8,1,10,90.00%,1,8,1,90.00%,0,0,0,0.00%,0,0,0,0.00%,0,0,0,0.00%,1,0,50-test@example.org,z_assessor_590
z_assessor_2207,0,16,1,17,94.12%,0,0,0,0.00%,0,0,0,0.00%,0,0,0,0.00%,0,16,1,94.12%,1,1,51-test@example.org,z_assessor_2207
z_assessor_33,0,15,1,16,93.75%,0,15,1,93.75%,0,0,0,0.00%,0,0,0,0.00%,0,0,0,0.00%,1,0,52-test@example.org,z_assessor_33
z_assessor_2210,7,115,12,134,91.04%,7,81,0,100.00%,0,31,4,88.57%,0,3,8,27.27%,0,0,0,0.00%,4,0,53-test@example.org,"z_assessor_2210, z_assessor_484"
z_assessor_2215,0,68,13,81,83.95%,0,8,5,61.54%,0,21,1,95.45%,0,19,4,82.61%,0,20,3,86.96%,4,3,54-test@example.org,"z_assessor_2215, z_assessor_530"
z_assessor_45,4,48,3,55,94.55%,3,10,1,92.86%,1,13,1,93.33%,0,25,1,96.15%,0,0,0,0.00%,3,0,55-test@example.org,z_assessor_45
z_assessor_2217,0,50,11,61,81.97%,0,0,0,0.00%,0,14,5,73.68%,0,7,0,100.00%,0,29,6,82.86%,3,2,56-test@example.org,"z_assessor_2217, z_assessor_652"
z_assessor_2222,1,196,23,220,89.55%,0,43,16,72.88%,0,65,6,91.55%,0,34,0,100.00%,1,54,1,98.21%,4,3,57-test@example.org,"z_assessor_2222, z_assessor_54"
z_assessor_2224,29,33,2,64,96.88%,17,5,2,91.67%,11,10,0,100.00%,1,18,0,100.00%,0,0,0,0.00%,4,0,58-test@example.org,"z_assessor_2224, z_assessor_42"
z_assessor_2226,7,8,2,17,88.24%,2,1,0,100.00%,1,4,1,83.33%,4,2,1,85.71%,0,1,0,100.00%,4,4,59-test@example.org,"z_assessor_2226, z_assessor_210"
z_assessor_2228,2,28,4,34,88.24%,0,8,0,100.00%,0,10,0,100.00%,2,4,0,100.00%,0,6,4,60.00%,4,0,60-test@example.org,"z_assessor_2228, z_assessor_16"
z_assessor_2229,0,14,3,17,82.35%,0,3,0,100.00%,0,6,2,75.00%,0,5,1,83.33%,0,0,0,0.00%,4,0,61-test@example.org,"z_assessor_2229, z_assessor_362"
z_assessor_2232,1,68,7,76,90.79%,0,0,0,0.00%,1,30,0,100.00%,0,32,0,100.00%,0,6,7,46.15%,3,0,62-test@example.org,"z_assessor_2232, z_assessor_739"
z_assessor_2233,46,87,0,133,100.00%,9,7,0,100.00%,18,9,0,100.00%,15,24,0,100.00%,4,47,0,100.00%,4,4,63-test@example.org,"z_assessor_2233, z_assessor_66"
z_assessor_2237,0,38,4,42,90.48%,0,0,0,0.00%,0,2,3,40.00%,0,25,1,96.15%,0,11,0,100.00%,3,2,64-test@example.org,"z_assessor_2237, z_assessor_759"
z_assessor_721,0,27,8,35,77.14%,0,0,0,0.00%,0,23,6,79.31%,0,4,2,66.67%,0,0,0,0.00%,2,0,65-test@example.org,z_assessor_721
z_assessor_2241,1,9,1,11,90.91%,1,0,0,100.00%,0,0,0,0.00%,0,6,1,85.71%,0,3,0,100.00%,3,2,66-test@example.org,"z_assessor_2241, z_assessor_1122, z_assessor_258"
z_assessor_2245,6,73,9,88,89.77%,6,9,0,100.00%,0,18,1,94.74%,0,27,1,96.43%,0,19,7,73.08%,4,0,67-test@example.org,"z_assessor_2245, z_assessor_114"
z_assessor_2246,25,40,0,65,100.00%,21,17,0,100.00%,4,23,0,100.00%,0,0,0,0.00%,0,0,0,0.00%,4,0,68-test@example.org,"z_assessor_2246, z_assessor_19"
z_assessor_2252,1,44,3,48,93.75%,0,0,0,0.00%,0,0,0,0.00%,1,3,0,100.00%,0,41,3,93.18%,2,2,69-test@example.org,"z_assessor_2252, z_assessor_1131"
z_assessor_2254,0,11,2,13,84.62%,0,0,0,0.00%,0,0,0,0.00%,0,0,0,0.00%,0,11,2,84.62%,1,1,70-test@example.org,z_assessor_2254
z_assessor_2255,2,67,1,70,98.57%,0,0,0,0.00%,2,28,0,100.00%,0,29,1,96.67%,0,10,0,100.00%,3,3,71-test@example.org,"z_assessor_2255, z_assessor_640"
z_assessor_2257,0,273,54,327,83.49%,0,66,13,83.54%,0,117,3,97.50%,0,44,10,81.48%,0,46,28,62.16%,4,0,72-test@example.org,"z_assessor_2257, z_assessor_52"
z_assessor_2259,432,150,20,602,96.68%,60,9,1,98.57%,80,23,1,99.04%,162,52,13,94.27%,130,66,5,97.51%,4,4,73-test@example.org,"z_assessor_2259, z_assessor_57"
z_assessor_2261,9,26,1,36,97.22%,0,0,0,0.00%,0,0,0,0.00%,5,1,0,100.00%,4,25,1,96.67%,2,2,74-test@example.org,"z_assessor_2261, z_assessor_1134"
z_assessor_2264,5,165,19,189,89.95%,4,19,1,95.83%,1,40,1,97.62%,0,62,3,95.38%,0,44,14,75.86%,4,0,75-test@example.org,"z_assessor_2264, z_assessor_78"
z_assessor_1136,0,9,2,11,81.82%,0,0,0,0.00%,0,0,0,0.00%,0,9,2,81.82%,0,0,0,0.00%,1,0,76-test@example.org,z_assessor_1136
z_assessor_2274,0,22,4,26,84.62%,0,0,0,0.00%,0,0,0,0.00%,0,0,0,0.00%,0,22,4,84.62%,1,1,77-test@example.org,z_assessor_2274
z_assessor_2276,1,9,1,11,90.91%,1,2,0,100.00%,0,6,1,85.71%,0,1,0,100.00%,0,0,0,0.00%,4,0,78-test@example.org,"z_assessor_2276, z_assessor_500"
z_assessor_2280,0,9,1,10,90.00%,0,0,0,0.00%,0,0,0,0.00%,0,0,0,0.00%,0,9,1,90.00%,2,1,79-test@example.org,"z_assessor_2280, z_assessor_1138"
z_assessor_2282,0,11,1,12,91.67%,0,0,0,0.00%,0,0,0,0.00%,0,8,0,100.00%,0,3,1,75.00%,2,0,80-test@example.org,"z_assessor_2282, z_assessor_1139"
z_assessor_2284,9,96,0,105,100.00%,9,35,0,100.00%,0,50,0,100.00%,0,8,0,100.00%,0,3,0,100.00%,4,4,81-test@example.org,"z_assessor_2284, z_assessor_140"
z_assessor_2285,6,143,6,155,96.13%,6,32,0,100.00%,0,86,5,94.51%,0,19,1,95.00%,0,6,0,100.00%,4,4,82-test@example.org,"z_assessor_2285, z_assessor_471"
z_assessor_2289,0,42,13,55,76.36%,0,0,0,0.00%,0,9,4,69.23%,0,20,1,95.24%,0,13,8,61.90%,3,0,83-test@example.org,"z_assessor_2289, z_assessor_646, z_assessor_55"
z_assessor_2290,2,86,0,88,100.00%,0,0,0,0.00%,0,1,0,100.00%,0,51,0,100.00%,2,34,0,100.00%,3,3,84-test@example.org,"z_assessor_2290, z_assessor_139"
z_assessor_2291,5,329,20,354,94.35%,5,254,7,97.37%,0,75,13,85.23%,0,0,0,0.00%,0,0,0,0.00%,4,0,85-test@example.org,"z_assessor_2291, z_assessor_11"
z_assessor_2292,0,133,25,158,84.18%,0,14,0,100.00%,0,47,14,77.05%,0,45,3,93.75%,0,27,8,77.14%,4,0,86-test@example.org,"z_assessor_2292, z_assessor_9"
z_assessor_2298,8,102,14,124,88.71%,5,30,0,100.00%,1,17,1,94.74%,1,15,7,69.57%,1,40,6,87.23%,4,1,87-test@example.org,"z_assessor_2298, z_assessor_25"
z_assessor_2299,3,244,7,254,97.24%,0,0,0,0.00%,0,69,5,93.24%,1,53,1,98.18%,2,122,1,99.20%,3,3,88-test@example.org,"z_assessor_2299, z_assessor_654"
z_assessor_2300,3,9,4,16,75.00%,3,3,1,85.71%,0,3,1,75.00%,0,3,2,60.00%,0,0,0,0.00%,4,0,89-test@example.org,"z_assessor_2300, z_assessor_183"
z_assessor_281,2,17,5,24,79.17%,2,17,5,79.17%,0,0,0,0.00%,0,0,0,0.00%,0,0,0,0.00%,1,0,90-test@example.org,z_assessor_281
z_assessor_400,0,11,3,14,78.57%,0,4,0,100.00%,0,5,1,83.33%,0,2,2,50.00%,0,0,0,0.00%,3,0,91-test@example.org,z_assessor_400
z_assessor_2306,10,131,11,152,92.76%,0,0,0,0.00%,0,0,0,0.00%,10,69,4,95.18%,0,62,7,89.86%,2,2,92-test@example.org,"z_assessor_2306, z_assessor_1146"
z_assessor_2312,1,25,9,35,74.29%,0,0,0,0.00%,0,0,0,0.00%,0,0,0,0.00%,1,25,9,74.29%,1,0,93-test@example.org,z_assessor_2312
z_assessor_2320,1,29,6,36,83.33%,0,0,0,0.00%,0,8,1,88.89%,1,20,5,80.77%,0,1,0,100.00%,3,3,94-test@example.org,"z_assessor_2320, z_assessor_948"
z_assessor_2322,1,19,0,20,100.00%,0,2,0,100.00%,1,3,0,100.00%,0,4,0,100.00%,0,10,0,100.00%,4,4,95-test@example.org,"z_assessor_2322, z_assessor_614"
z_assessor_2323,1,58,11,70,84.29%,0,0,0,0.00%,0,9,3,75.00%,1,17,7,72.00%,0,32,1,96.97%,3,1,96-test@example.org,"z_assessor_2323, z_assessor_706"
z_assessor_2325,0,21,4,25,84.00%,0,0,0,0.00%,0,7,0,100.00%,0,0,0,0.00%,0,14,4,77.78%,3,0,97-test@example.org,"z_assessor_2325, z_assessor_757"
z_assessor_2328,4,12,2,18,88.89%,0,0,0,0.00%,2,0,0,100.00%,2,6,0,100.00%,0,6,2,75.00%,3,0,98-test@example.org,"z_assessor_2328, z_assessor_1003"
z_assessor_2329,1,14,1,16,93.75%,1,5,0,100.00%,0,0,0,0.00%,0,3,0,100.00%,0,6,1,85.71%,3,2,99-test@example.org,"z_assessor_2329, z_assessor_503"
z_assessor_2332,2,162,11,175,93.71%,1,43,7,86.27%,1,52,1,98.15%,0,54,3,94.74%,0,13,0,100.00%,4,4,100-test@example.org,"z_assessor_2332, z_assessor_439"
z_assessor_2335,14,90,4,108,96.30%,10,0,0,100.00%,3,21,1,96.00%,1,36,3,92.50%,0,33,0,100.00%,4,4,101-test@example.org,"z_assessor_2335, z_assessor_546"
z_assessor_2336,6,104,15,125,88.00%,6,20,1,96.30%,0,38,7,84.44%,0,30,7,81.08%,0,16,0,100.00%,4,4,102-test@example.org,"z_assessor_2336, z_assessor_309"
z_assessor_636,24,39,0,63,100.00%,17,3,0,100.00%,5,25,0,100.00%,2,11,0,100.00%,0,0,0,0.00%,3,0,103-test@example.org,z_assessor_636
z_assessor_605,1,9,0,10,100.00%,1,2,0,100.00%,0,6,0,100.00%,0,1,0,100.00%,0,0,0,0.00%,3,0,104-test@example.org,z_assessor_605
z_assessor_2343,26,31,2,59,96.61%,20,10,0,100.00%,0,0,0,0.00%,6,15,0,100.00%,0,6,2,75.00%,3,0,105-test@example.org,"z_assessor_2343, z_assessor_1157, z_assessor_540"
z_assessor_2344,1,18,2,21,90.48%,0,9,0,100.00%,1,9,2,83.33%,0,0,0,0.00%,0,0,0,0.00%,3,0,106-test@example.org,"z_assessor_2344, z_assessor_499"
z_assessor_2349,0,19,1,20,95.00%,0,0,0,0.00%,0,19,1,95.00%,0,0,0,0.00%,0,0,0,0.00%,3,0,107-test@example.org,"z_assessor_2349, z_assessor_816"
z_assessor_2351,4,15,5,24,79.17%,4,3,0,100.00%,0,1,0,100.00%,0,6,0,100.00%,0,5,5,50.00%,4,0,108-test@example.org,"z_assessor_2351, z_assessor_533"
z_assessor_542,0,13,0,13,100.00%,0,13,0,100.00%,0,0,0,0.00%,0,0,0,0.00%,0,0,0,0.00%,1,0,109-test@example.org,z_assessor_542
z_assessor_2352,0,109,27,136,80.15%,0,0,0,0.00%,0,0,0,0.00%,0,0,0,0.00%,0,109,27,80.15%,2,1,110-test@example.org,"z_assessor_2352, z_assessor_1160"
z_assessor_2353,0,19,1,20,95.00%,0,0,0,0.00%,0,19,1,95.00%,0,0,0,0.00%,0,0,0,0.00%,3,0,111-test@example.org,"z_assessor_2353, z_assessor_743"
z_assessor_2356,1,11,1,13,92.31%,0,0,0,0.00%,0,0,0,0.00%,0,0,0,0.00%,1,11,1,92.31%,1,1,112-test@example.org,z_assessor_2356
z_assessor_2365,1,10,2,13,84.62%,0,0,0,0.00%,0,0,0,0.00%,1,4,0,100.00%,0,6,2,75.00%,2,0,113-test@example.org,"z_assessor_2365, z_assessor_1167"
z_assessor_2368,20,98,23,141,83.69%,20,62,2,97.62%,0,36,21,63.16%,0,0,0,0.00%,0,0,0,0.00%,4,0,114-test@example.org,"z_assessor_2368, z_assessor_358"
z_assessor_2371,1,13,1,15,93.33%,0,0,0,0.00%,0,0,0,0.00%,1,4,0,100.00%,0,9,1,90.00%,2,2,115-test@example.org,"z_assessor_2371, z_assessor_1170"
z_assessor_2373,0,8,2,10,80.00%,0,0,0,0.00%,0,0,0,0.00%,0,6,2,75.00%,0,2,0,100.00%,2,1,116-test@example.org,"z_assessor_2373, z_assessor_1171"
z_assessor_2374,5,59,11,75,85.33%,5,3,0,100.00%,0,28,4,87.50%,0,20,6,76.92%,0,8,1,88.89%,4,1,117-test@example.org,"z_assessor_2374, z_assessor_495"
z_assessor_2384,6,12,1,19,94.74%,0,0,0,0.00%,2,4,0,100.00%,3,6,1,90.00%,1,2,0,100.00%,3,3,118-test@example.org,"z_assessor_2384, z_assessor_775"
z_assessor_2385,3,44,5,52,90.38%,0,0,0,0.00%,0,4,1,80.00%,2,20,1,95.65%,1,20,3,87.50%,3,2,119-test@example.org,"z_assessor_2385, z_assessor_861"
z_assessor_2387,0,19,6,25,76.00%,0,11,1,91.67%,0,8,5,61.54%,0,0,0,0.00%,0,0,0,0.00%,4,0,120-test@example.org,"z_assessor_2387, z_assessor_607"
z_assessor_557,0,11,0,11,100.00%,0,11,0,100.00%,0,0,0,0.00%,0,0,0,0.00%,0,0,0,0.00%,1,0,121-test@example.org,z_assessor_557
z_assessor_4129,0,35,2,37,94.59%,0,0,0,0.00%,0,7,2,77.78%,0,9,0,100.00%,0,19,0,100.00%,3,2,122-test@example.org,"z_assessor_4129, z_assessor_782"
z_assessor_2398,11,30,0,41,100.00%,6,7,0,100.00%,3,8,0,100.00%,2,8,0,100.00%,0,7,0,100.00%,4,4,123-test@example.org,"z_assessor_2398, z_assessor_288"
z_assessor_318,0,22,1,23,95.65%,0,7,0,100.00%,0,6,1,85.71%,0,9,0,100.00%,0,0,0,0.00%,3,0,124-test@example.org,z_assessor_318
z_assessor_2402,1,35,1,37,97.30%,1,22,0,100.00%,0,8,0,100.00%,0,4,1,80.00%,0,1,0,100.00%,4,1,125-test@example.org,"z_assessor_2402, z_assessor_554"
z_assessor_2403,0,27,3,30,90.00%,0,0,0,0.00%,0,0,0,0.00%,0,0,0,0.00%,0,27,3,90.00%,1,1,126-test@example.org,z_assessor_2403
z_assessor_2409,1,68,17,86,80.23%,1,16,2,89.47%,0,15,7,68.18%,0,19,4,82.61%,0,18,4,81.82%,4,2,127-test@example.org,"z_assessor_2409, z_assessor_386"
z_assessor_2413,2,14,0,16,100.00%,0,0,0,0.00%,0,0,0,0.00%,2,13,0,100.00%,0,1,0,100.00%,2,2,128-test@example.org,"z_assessor_2413, z_assessor_1184"
z_assessor_2414,0,12,0,12,100.00%,0,5,0,100.00%,0,7,0,100.00%,0,0,0,0.00%,0,0,0,0.00%,4,0,129-test@example.org,"z_assessor_2414, z_assessor_65"
z_assessor_2433,0,21,2,23,91.30%,0,0,0,0.00%,0,0,0,0.00%,0,21,1,95.45%,0,0,1,0.00%,2,0,130-test@example.org,"z_assessor_2433, z_assessor_1190"
z_assessor_1192,2,9,1,12,91.67%,0,0,0,0.00%,0,0,0,0.00%,2,9,1,91.67%,0,0,0,0.00%,1,0,131-test@example.org,z_assessor_1192
z_assessor_2435,0,7,3,10,70.00%,0,4,3,57.14%,0,2,0,100.00%,0,1,0,100.00%,0,0,0,0.00%,4,0,132-test@example.org,"z_assessor_2435, z_assessor_361"
z_assessor_2436,100,172,2,274,99.27%,0,0,0,0.00%,13,16,0,100.00%,71,92,1,99.39%,16,64,1,98.77%,3,3,133-test@example.org,"z_assessor_2436, z_assessor_1193, z_assessor_811"
z_assessor_2437,1,94,13,108,87.96%,0,0,0,0.00%,0,93,9,91.18%,0,0,0,0.00%,1,1,4,33.33%,3,0,134-test@example.org,"z_assessor_2437, z_assessor_645"
z_assessor_2439,0,50,13,63,79.37%,0,22,3,88.00%,0,24,7,77.42%,0,0,0,0.00%,0,4,3,57.14%,4,0,135-test@example.org,"z_assessor_2439, z_assessor_430"
z_assessor_603,0,11,1,12,91.67%,0,11,1,91.67%,0,0,0,0.00%,0,0,0,0.00%,0,0,0,0.00%,1,0,136-test@example.org,z_assessor_603
z_assessor_2447,5,56,3,64,95.31%,0,4,0,100.00%,2,9,0,100.00%,3,32,1,97.22%,0,11,2,84.62%,4,4,137-test@example.org,"z_assessor_2447, z_assessor_582"
z_assessor_2448,0,10,1,11,90.91%,0,0,0,0.00%,0,0,0,0.00%,0,0,0,0.00%,0,10,1,90.91%,2,1,138-test@example.org,"z_assessor_2448, z_assessor_1199"
z_assessor_2457,18,57,2,77,97.40%,1,1,0,100.00%,5,16,0,100.00%,5,22,1,96.43%,7,18,1,96.15%,4,4,139-test@example.org,"z_assessor_2457, z_assessor_310"
z_assessor_2458,2,103,24,129,81.40%,2,10,1,92.31%,0,26,1,96.30%,0,30,15,66.67%,0,37,7,84.09%,4,1,140-test@example.org,"z_assessor_2458, z_assessor_478"
z_assessor_2459,0,124,6,130,95.38%,0,0,0,0.00%,0,97,6,94.17%,0,27,0,100.00%,0,0,0,0.00%,3,0,141-test@example.org,"z_assessor_2459, z_assessor_651"
z_assessor_2461,24,190,7,221,96.83%,14,13,1,96.43%,9,39,0,100.00%,1,58,3,95.16%,0,80,3,96.39%,4,4,142-test@example.org,"z_assessor_2461, z_assessor_298"
z_assessor_2463,59,181,35,275,87.27%,11,22,1,97.06%,31,41,1,98.63%,15,50,31,67.71%,2,68,2,97.22%,4,1,143-test@example.org,"z_assessor_2463, z_assessor_536"
z_assessor_2464,0,42,8,50,84.00%,0,0,0,0.00%,0,0,0,0.00%,0,1,0,100.00%,0,41,8,83.67%,2,2,144-test@example.org,"z_assessor_2464, z_assessor_1207"
z_assessor_2465,0,17,5,22,77.27%,0,0,0,0.00%,0,0,0,0.00%,0,0,0,0.00%,0,17,5,77.27%,1,0,145-test@example.org,z_assessor_2465
z_assessor_2466,0,38,8,46,82.61%,0,14,4,77.78%,0,1,0,100.00%,0,16,2,88.89%,0,7,2,77.78%,4,0,146-test@example.org,"z_assessor_2466, z_assessor_409"
z_assessor_2480,4,15,1,20,95.00%,0,10,1,90.91%,4,4,0,100.00%,0,0,0,0.00%,0,1,0,100.00%,4,1,147-test@example.org,"z_assessor_2480, z_assessor_332"
z_assessor_2482,6,58,1,65,98.46%,0,0,0,0.00%,1,3,0,100.00%,4,26,0,100.00%,1,29,1,96.77%,3,3,148-test@example.org,"z_assessor_2482, z_assessor_943"
z_assessor_2483,1,140,24,165,85.45%,0,0,0,0.00%,0,63,20,75.90%,0,36,3,92.31%,1,41,1,97.67%,3,2,149-test@example.org,"z_assessor_2483, z_assessor_688"
z_assessor_602,0,13,5,18,72.22%,0,1,0,100.00%,0,12,3,80.00%,0,0,2,0.00%,0,0,0,0.00%,3,0,150-test@example.org,z_assessor_602
z_assessor_2496,4,99,3,106,97.17%,0,13,2,86.67%,0,25,0,100.00%,4,12,0,100.00%,0,49,1,98.00%,4,4,151-test@example.org,"z_assessor_2496, z_assessor_419"
z_assessor_2497,4,12,1,17,94.12%,0,6,0,100.00%,3,3,0,100.00%,1,3,1,80.00%,0,0,0,0.00%,4,0,152-test@example.org,"z_assessor_2497, z_assessor_591"
z_assessor_2501,0,16,0,16,100.00%,0,13,0,100.00%,0,3,0,100.00%,0,0,0,0.00%,0,0,0,0.00%,3,0,153-test@example.org,"z_assessor_2501, z_assessor_466"
z_assessor_2504,51,23,0,74,100.00%,14,1,0,100.00%,17,3,0,100.00%,6,1,0,100.00%,14,18,0,100.00%,4,4,154-test@example.org,"z_assessor_2504, z_assessor_349"
z_assessor_2508,18,194,62,274,77.37%,18,76,6,94.00%,0,103,2,98.10%,0,13,54,19.40%,0,2,0,100.00%,4,1,155-test@example.org,"z_assessor_2508, z_assessor_344"
z_assessor_620,7,7,0,14,100.00%,7,3,0,100.00%,0,3,0,100.00%,0,1,0,100.00%,0,0,0,0.00%,3,0,156-test@example.org,z_assessor_620
z_assessor_2513,1,75,10,86,88.37%,1,3,0,100.00%,0,27,3,90.00%,0,0,0,0.00%,0,45,7,86.54%,4,1,157-test@example.org,"z_assessor_2513, z_assessor_341"
z_assessor_338,1,10,0,11,100.00%,1,0,0,100.00%,0,10,0,100.00%,0,0,0,0.00%,0,0,0,0.00%,2,0,158-test@example.org,z_assessor_338
z_assessor_2517,2,63,8,73,89.04%,0,0,0,0.00%,0,0,0,0.00%,0,33,3,91.67%,2,30,5,86.49%,2,2,159-test@example.org,"z_assessor_2517, z_assessor_1224"
z_assessor_633,0,10,4,14,71.43%,0,10,4,71.43%,0,0,0,0.00%,0,0,0,0.00%,0,0,0,0.00%,1,0,160-test@example.org,z_assessor_633
z_assessor_330,0,12,0,12,100.00%,0,12,0,100.00%,0,0,0,0.00%,0,0,0,0.00%,0,0,0,0.00%,1,0,161-test@example.org,z_assessor_330
z_assessor_2521,0,37,10,47,78.72%,0,21,1,95.45%,0,9,0,100.00%,0,3,3,50.00%,0,4,6,40.00%,4,0,162-test@example.org,"z_assessor_2521, z_assessor_585"
z_assessor_2523,1,10,3,14,78.57%,0,0,0,0.00%,0,0,0,0.00%,0,0,0,0.00%,1,10,3,78.57%,1,0,163-test@example.org,z_assessor_2523
z_assessor_2525,5,150,18,173,89.60%,0,0,0,0.00%,0,36,5,87.80%,0,38,12,76.00%,5,76,1,98.78%,3,1,164-test@example.org,"z_assessor_2525, z_assessor_653"
z_assessor_2531,4,11,3,18,83.33%,0,0,0,0.00%,0,0,0,0.00%,1,0,0,100.00%,3,11,3,82.35%,2,2,165-test@example.org,"z_assessor_2531, z_assessor_1232"
z_assessor_2534,0,8,2,10,80.00%,0,0,0,0.00%,0,0,0,0.00%,0,0,0,0.00%,0,8,2,80.00%,1,0,166-test@example.org,z_assessor_2534
z_assessor_2535,4,40,2,46,95.65%,0,0,0,0.00%,4,40,2,95.65%,0,0,0,0.00%,0,0,0,0.00%,2,0,167-test@example.org,"z_assessor_2535, z_assessor_699"
z_assessor_2540,2,45,0,47,100.00%,0,0,0,0.00%,0,37,0,100.00%,2,8,0,100.00%,0,0,0,0.00%,3,0,168-test@example.org,"z_assessor_2540, z_assessor_795"
z_assessor_2543,2,31,3,36,91.67%,0,0,0,0.00%,2,26,3,90.32%,0,5,0,100.00%,0,0,0,0.00%,3,0,169-test@example.org,"z_assessor_2543, z_assessor_726"
z_assessor_2548,0,11,3,14,78.57%,0,0,0,0.00%,0,4,1,80.00%,0,0,0,0.00%,0,7,2,77.78%,3,0,170-test@example.org,"z_assessor_2548, z_assessor_956"
z_assessor_2552,7,95,24,126,80.95%,0,0,0,0.00%,0,1,18,5.26%,1,5,1,85.71%,6,89,5,95.00%,3,2,171-test@example.org,"z_assessor_2552, z_assessor_642"
z_assessor_2553,1,62,18,81,77.78%,0,0,0,0.00%,1,13,1,93.33%,0,23,8,74.19%,0,26,9,74.29%,3,0,172-test@example.org,"z_assessor_2553, z_assessor_639"
z_assessor_2554,3,56,6,65,90.77%,0,0,0,0.00%,0,0,0,0.00%,0,19,4,82.61%,3,37,2,95.24%,2,2,173-test@example.org,"z_assessor_2554, z_assessor_1243"
z_assessor_2558,1,42,10,53,81.13%,0,0,0,0.00%,1,7,2,80.00%,0,0,0,0.00%,0,35,8,81.40%,3,1,174-test@example.org,"z_assessor_2558, z_assessor_684"
z_assessor_2562,1,16,2,19,89.47%,0,0,0,0.00%,0,0,0,0.00%,1,15,2,88.89%,0,1,0,100.00%,2,2,175-test@example.org,"z_assessor_2562, z_assessor_1248"
z_assessor_2563,0,12,0,12,100.00%,0,0,0,0.00%,0,0,0,0.00%,0,6,0,100.00%,0,6,0,100.00%,2,2,176-test@example.org,"z_assessor_2563, z_assessor_1250"
z_assessor_2564,0,56,3,59,94.92%,0,0,0,0.00%,0,0,0,0.00%,0,23,2,92.00%,0,33,1,97.06%,2,2,177-test@example.org,"z_assessor_2564, z_assessor_1251"
z_assessor_1253,0,12,5,17,70.59%,0,0,0,0.00%,0,0,0,0.00%,0,12,5,70.59%,0,0,0,0.00%,1,0,178-test@example.org,z_assessor_1253
z_assessor_2572,0,81,1,82,98.78%,0,0,0,0.00%,0,50,0,100.00%,0,31,1,96.88%,0,0,0,0.00%,3,0,179-test@example.org,"z_assessor_2572, z_assessor_809"
z_assessor_2575,0,11,2,13,84.62%,0,0,0,0.00%,0,0,0,0.00%,0,6,1,85.71%,0,5,1,83.33%,2,2,180-test@example.org,"z_assessor_2575, z_assessor_1264"
z_assessor_1011,1,58,18,77,76.62%,0,0,0,0.00%,1,52,14,79.10%,0,6,4,60.00%,0,0,0,0.00%,2,0,181-test@example.org,z_assessor_1011
z_assessor_2578,1,45,3,49,93.88%,0,0,0,0.00%,0,1,0,100.00%,1,29,2,93.75%,0,15,1,93.75%,3,3,182-test@example.org,"z_assessor_2578, z_assessor_823"
z_assessor_2585,0,66,8,74,89.19%,0,0,0,0.00%,0,19,0,100.00%,0,37,7,84.09%,0,10,1,90.91%,3,3,183-test@example.org,"z_assessor_2585, z_assessor_1275, z_assessor_853"
z_assessor_836,1,62,5,68,92.65%,0,0,0,0.00%,0,53,5,91.38%,1,9,0,100.00%,0,0,0,0.00%,2,0,184-test@example.org,z_assessor_836
z_assessor_2616,2,131,35,168,79.17%,0,0,0,0.00%,2,58,12,83.33%,0,35,16,68.63%,0,38,7,84.44%,3,1,185-test@example.org,"z_assessor_2616, z_assessor_656"
z_assessor_2619,0,87,2,89,97.75%,0,0,0,0.00%,0,44,2,95.65%,0,43,0,100.00%,0,0,0,0.00%,3,0,186-test@example.org,"z_assessor_2619, z_assessor_714"
z_assessor_2622,1,62,10,73,86.30%,0,0,0,0.00%,0,7,4,63.64%,0,37,3,92.50%,1,18,3,86.36%,3,2,187-test@example.org,"z_assessor_2622, z_assessor_678"
z_assessor_2630,0,9,1,10,90.00%,0,0,0,0.00%,0,0,0,0.00%,0,6,0,100.00%,0,3,1,75.00%,2,0,188-test@example.org,"z_assessor_2630, z_assessor_1315"
z_assessor_2631,1,44,3,48,93.75%,0,0,0,0.00%,0,6,1,85.71%,1,12,2,86.67%,0,26,0,100.00%,3,3,189-test@example.org,"z_assessor_2631, z_assessor_968"
z_assessor_2636,2,52,12,66,81.82%,0,0,0,0.00%,2,3,0,100.00%,0,23,8,74.19%,0,26,4,86.67%,3,1,190-test@example.org,"z_assessor_2636, z_assessor_787"
z_assessor_669,0,38,3,41,92.68%,0,0,0,0.00%,0,38,3,92.68%,0,0,0,0.00%,0,0,0,0.00%,2,0,191-test@example.org,z_assessor_669
z_assessor_2643,12,16,6,34,82.35%,0,0,0,0.00%,0,0,0,0.00%,10,5,0,100.00%,2,11,6,68.42%,2,0,192-test@example.org,"z_assessor_2643, z_assessor_1323"
z_assessor_685,0,21,4,25,84.00%,0,0,0,0.00%,0,20,3,86.96%,0,1,1,50.00%,0,0,0,0.00%,2,0,193-test@example.org,z_assessor_685
z_assessor_2660,0,13,4,17,76.47%,0,0,0,0.00%,0,11,3,78.57%,0,2,0,100.00%,0,0,1,0.00%,3,0,194-test@example.org,"z_assessor_2660, z_assessor_661"
z_assessor_2663,0,33,9,42,78.57%,0,0,0,0.00%,0,0,0,0.00%,0,16,1,94.12%,0,17,8,68.00%,2,0,195-test@example.org,"z_assessor_2663, z_assessor_1330"
z_assessor_2667,0,13,1,14,92.86%,0,0,0,0.00%,0,0,0,0.00%,0,3,0,100.00%,0,10,1,90.91%,2,2,196-test@example.org,"z_assessor_2667, z_assessor_1334"
z_assessor_2669,0,29,12,41,70.73%,0,0,0,0.00%,0,0,0,0.00%,0,13,4,76.47%,0,16,8,66.67%,2,0,197-test@example.org,"z_assessor_2669, z_assessor_1336"
z_assessor_2670,0,12,0,12,100.00%,0,0,0,0.00%,0,0,0,0.00%,0,4,0,100.00%,0,8,0,100.00%,2,2,198-test@example.org,"z_assessor_2670, z_assessor_1337"
z_assessor_2671,0,38,5,43,88.37%,0,0,0,0.00%,0,0,0,0.00%,0,19,0,100.00%,0,19,5,79.17%,2,0,199-test@example.org,"z_assessor_2671, z_assessor_1339"
z_assessor_2678,0,46,5,51,90.20%,0,0,0,0.00%,0,0,0,0.00%,0,8,2,80.00%,0,38,3,92.68%,2,1,200-test@example.org,"z_assessor_2678, z_assessor_1344"
z_assessor_2679,0,24,8,32,75.00%,0,0,0,0.00%,0,16,7,69.57%,0,3,1,75.00%,0,5,0,100.00%,3,1,201-test@example.org,"z_assessor_2679, z_assessor_728"
z_assessor_2682,5,6,0,11,100.00%,0,0,0,0.00%,5,2,0,100.00%,0,4,0,100.00%,0,0,0,0.00%,3,0,202-test@example.org,"z_assessor_2682, z_assessor_766"
z_assessor_2684,1,35,8,44,81.82%,0,0,0,0.00%,0,0,0,0.00%,0,5,4,55.56%,1,30,4,88.57%,2,1,203-test@example.org,"z_assessor_2684, z_assessor_1351"
z_assessor_2687,0,12,0,12,100.00%,0,0,0,0.00%,0,0,0,0.00%,0,0,0,0.00%,0,12,0,100.00%,1,1,204-test@example.org,z_assessor_2687
z_assessor_2688,2,16,2,20,90.00%,0,0,0,0.00%,0,0,0,0.00%,2,6,2,80.00%,0,10,0,100.00%,2,1,205-test@example.org,"z_assessor_2688, z_assessor_1357"
z_assessor_2695,0,36,5,41,87.80%,0,0,0,0.00%,0,0,0,0.00%,0,14,3,82.35%,0,22,2,91.67%,2,2,206-test@example.org,"z_assessor_2695, z_assessor_1358"
z_assessor_2704,36,75,3,114,97.37%,0,0,0,0.00%,14,14,0,100.00%,22,12,0,100.00%,0,49,3,94.23%,3,3,207-test@example.org,"z_assessor_2704, z_assessor_751"
z_assessor_953,1,13,5,19,73.68%,0,0,0,0.00%,0,11,5,68.75%,1,2,0,100.00%,0,0,0,0.00%,2,0,208-test@example.org,z_assessor_953
z_assessor_2709,0,28,5,33,84.85%,0,0,0,0.00%,0,15,0,100.00%,0,13,5,72.22%,0,0,0,0.00%,3,0,209-test@example.org,"z_assessor_2709, z_assessor_740"
z_assessor_2713,1,92,10,103,90.29%,0,0,0,0.00%,0,41,2,95.35%,0,30,6,83.33%,1,21,2,91.67%,3,3,210-test@example.org,"z_assessor_2713, z_assessor_717"
z_assessor_2714,0,71,10,81,87.65%,0,0,0,0.00%,0,41,5,89.13%,0,9,1,90.00%,0,21,4,84.00%,3,3,211-test@example.org,"z_assessor_2714, z_assessor_697"
z_assessor_2719,0,27,1,28,96.43%,0,0,0,0.00%,0,2,0,100.00%,0,10,1,90.91%,0,15,0,100.00%,3,3,212-test@example.org,"z_assessor_2719, z_assessor_883"
z_assessor_2720,0,25,8,33,75.76%,0,0,0,0.00%,0,9,1,90.00%,0,6,6,50.00%,0,10,1,90.91%,3,1,213-test@example.org,"z_assessor_2720, z_assessor_696"
z_assessor_2729,1,9,2,12,83.33%,0,0,0,0.00%,0,0,0,0.00%,1,0,1,50.00%,0,9,1,90.00%,2,1,214-test@example.org,"z_assessor_2729, z_assessor_1373"
z_assessor_2732,0,13,3,16,81.25%,0,0,0,0.00%,0,0,0,0.00%,0,0,0,0.00%,0,13,3,81.25%,2,1,215-test@example.org,"z_assessor_2732, z_assessor_1374"
z_assessor_2733,0,12,1,13,92.31%,0,0,0,0.00%,0,0,0,0.00%,0,12,1,92.31%,0,0,0,0.00%,2,0,216-test@example.org,"z_assessor_2733, z_assessor_1375"
z_assessor_671,0,54,12,66,81.82%,0,0,0,0.00%,0,54,12,81.82%,0,0,0,0.00%,0,0,0,0.00%,1,0,217-test@example.org,z_assessor_671
z_assessor_2736,0,20,0,20,100.00%,0,0,0,0.00%,0,5,0,100.00%,0,5,0,100.00%,0,10,0,100.00%,3,3,218-test@example.org,"z_assessor_2736, z_assessor_937"
z_assessor_2738,1,26,5,32,84.38%,0,0,0,0.00%,1,2,0,100.00%,0,24,5,82.76%,0,0,0,0.00%,3,0,219-test@example.org,"z_assessor_2738, z_assessor_925"
z_assessor_643,1,35,0,36,100.00%,0,0,0,0.00%,1,34,0,100.00%,0,1,0,100.00%,0,0,0,0.00%,2,0,220-test@example.org,z_assessor_643
z_assessor_2757,0,129,6,135,95.56%,0,0,0,0.00%,0,35,1,97.22%,0,42,0,100.00%,0,52,5,91.23%,3,3,221-test@example.org,"z_assessor_2757, z_assessor_862"
z_assessor_2759,1,10,0,11,100.00%,0,0,0,0.00%,0,2,0,100.00%,0,0,0,0.00%,1,8,0,100.00%,3,1,222-test@example.org,"z_assessor_2759, z_assessor_824"
z_assessor_774,0,18,6,24,75.00%,0,0,0,0.00%,0,11,0,100.00%,0,7,6,53.85%,0,0,0,0.00%,2,0,223-test@example.org,z_assessor_774
z_assessor_2761,0,45,2,47,95.74%,0,0,0,0.00%,0,8,0,100.00%,0,10,1,90.91%,0,27,1,96.43%,3,3,224-test@example.org,"z_assessor_2761, z_assessor_692"
z_assessor_2764,0,13,5,18,72.22%,0,0,0,0.00%,0,0,0,0.00%,0,10,2,83.33%,0,3,3,50.00%,2,0,225-test@example.org,"z_assessor_2764, z_assessor_1385"
z_assessor_799,0,8,2,10,80.00%,0,0,0,0.00%,0,8,2,80.00%,0,0,0,0.00%,0,0,0,0.00%,1,0,226-test@example.org,z_assessor_799
z_assessor_2767,0,11,2,13,84.62%,0,0,0,0.00%,0,0,0,0.00%,0,3,2,60.00%,0,8,0,100.00%,2,1,227-test@example.org,"z_assessor_2767, z_assessor_1387"
z_assessor_2771,0,103,22,125,82.40%,0,0,0,0.00%,0,0,0,0.00%,0,36,21,63.16%,0,67,1,98.53%,2,1,228-test@example.org,"z_assessor_2771, z_assessor_1394"
z_assessor_2775,0,20,0,20,100.00%,0,0,0,0.00%,0,0,0,0.00%,0,5,0,100.00%,0,15,0,100.00%,2,2,229-test@example.org,"z_assessor_2775, z_assessor_1400"
z_assessor_2780,0,22,0,22,100.00%,0,0,0,0.00%,0,0,0,0.00%,0,22,0,100.00%,0,0,0,0.00%,2,0,230-test@example.org,"z_assessor_2780, z_assessor_1403"
z_assessor_2781,0,14,5,19,73.68%,0,0,0,0.00%,0,0,0,0.00%,0,7,3,70.00%,0,7,2,77.78%,2,0,231-test@example.org,"z_assessor_2781, z_assessor_1405"
z_assessor_2786,1,99,12,112,89.29%,0,0,0,0.00%,0,0,0,0.00%,0,40,4,90.91%,1,59,8,88.24%,2,2,232-test@example.org,"z_assessor_2786, z_assessor_1409"
z_assessor_2795,3,86,21,110,80.91%,0,0,0,0.00%,0,0,0,0.00%,3,35,4,90.48%,0,51,17,75.00%,2,0,233-test@example.org,"z_assessor_2795, z_assessor_1417"
z_assessor_2801,0,25,1,26,96.15%,0,0,0,0.00%,0,0,0,0.00%,0,25,1,96.15%,0,0,0,0.00%,2,0,234-test@example.org,"z_assessor_2801, z_assessor_1434"
z_assessor_2803,4,19,0,23,100.00%,0,0,0,0.00%,0,0,0,0.00%,4,15,0,100.00%,0,4,0,100.00%,2,2,235-test@example.org,"z_assessor_2803, z_assessor_1437"
z_assessor_2811,1,97,17,115,85.22%,0,0,0,0.00%,0,0,0,0.00%,1,12,2,86.67%,0,85,15,85.00%,2,2,236-test@example.org,"z_assessor_2811, z_assessor_1444"
z_assessor_2814,3,21,1,25,96.00%,0,0,0,0.00%,0,0,0,0.00%,3,14,0,100.00%,0,7,1,87.50%,2,2,237-test@example.org,"z_assessor_2814, z_assessor_1446"
z_assessor_2817,5,140,14,159,91.19%,0,0,0,0.00%,0,0,0,0.00%,0,48,10,82.76%,5,92,4,96.04%,2,2,238-test@example.org,"z_assessor_2817, z_assessor_1448"
z_assessor_2824,51,133,20,204,90.20%,0,0,0,0.00%,0,0,0,0.00%,7,72,11,87.78%,44,61,9,92.11%,2,2,239-test@example.org,"z_assessor_2824, z_assessor_1454"
z_assessor_2826,2,20,1,23,95.65%,0,0,0,0.00%,0,0,0,0.00%,0,0,0,0.00%,2,20,1,95.65%,1,1,240-test@example.org,z_assessor_2826
z_assessor_2829,0,15,1,16,93.75%,0,0,0,0.00%,0,0,0,0.00%,0,9,1,90.00%,0,6,0,100.00%,2,2,241-test@example.org,"z_assessor_2829, z_assessor_1457"
z_assessor_2831,0,43,9,52,82.69%,0,0,0,0.00%,0,0,0,0.00%,0,0,0,0.00%,0,43,9,82.69%,1,1,242-test@example.org,z_assessor_2831
z_assessor_2832,0,12,0,12,100.00%,0,0,0,0.00%,0,0,0,0.00%,0,12,0,100.00%,0,0,0,0.00%,2,0,243-test@example.org,"z_assessor_2832, z_assessor_1459"
z_assessor_2836,0,19,1,20,95.00%,0,0,0,0.00%,0,0,0,0.00%,0,15,1,93.75%,0,4,0,100.00%,2,2,244-test@example.org,"z_assessor_2836, z_assessor_1460"
z_assessor_2837,0,12,3,15,80.00%,0,0,0,0.00%,0,0,0,0.00%,0,10,1,90.91%,0,2,2,50.00%,2,0,245-test@example.org,"z_assessor_2837, z_assessor_1461"
z_assessor_2845,0,20,5,25,80.00%,0,0,0,0.00%,0,0,0,0.00%,0,5,0,100.00%,0,15,5,75.00%,2,0,246-test@example.org,"z_assessor_2845, z_assessor_1470"
z_assessor_2848,0,16,5,21,76.19%,0,0,0,0.00%,0,0,0,0.00%,0,9,1,90.00%,0,7,4,63.64%,2,0,247-test@example.org,"z_assessor_2848, z_assessor_1476"
z_assessor_2869,0,20,2,22,90.91%,0,0,0,0.00%,0,0,0,0.00%,0,7,0,100.00%,0,13,2,86.67%,2,2,248-test@example.org,"z_assessor_2869, z_assessor_1508"
z_assessor_1511,0,13,0,13,100.00%,0,0,0,0.00%,0,0,0,0.00%,0,13,0,100.00%,0,0,0,0.00%,1,0,249-test@example.org,z_assessor_1511
z_assessor_2871,0,15,0,15,100.00%,0,0,0,0.00%,0,0,0,0.00%,0,13,0,100.00%,0,2,0,100.00%,2,2,250-test@example.org,"z_assessor_2871, z_assessor_1513"
z_assessor_2879,18,13,2,33,93.94%,0,0,0,0.00%,0,0,0,0.00%,0,0,0,0.00%,18,13,2,93.94%,1,1,251-test@example.org,z_assessor_2879
z_assessor_2883,11,24,2,37,94.59%,0,0,0,0.00%,0,0,0,0.00%,9,4,1,92.86%,2,20,1,95.65%,2,2,252-test@example.org,"z_assessor_2883, z_assessor_1529"
z_assessor_2886,0,27,1,28,96.43%,0,0,0,0.00%,0,0,0,0.00%,0,2,0,100.00%,0,25,1,96.15%,2,2,253-test@example.org,"z_assessor_2886, z_assessor_1533"
z_assessor_2888,0,15,3,18,83.33%,0,0,0,0.00%,0,0,0,0.00%,0,6,2,75.00%,0,9,1,90.00%,2,1,254-test@example.org,"z_assessor_2888, z_assessor_1535"
z_assessor_2890,1,20,3,24,87.50%,0,0,0,0.00%,0,0,0,0.00%,0,7,1,87.50%,1,13,2,87.50%,2,2,255-test@example.org,"z_assessor_2890, z_assessor_1537"
z_assessor_2893,1,73,9,83,89.16%,0,0,0,0.00%,0,0,0,0.00%,0,31,6,83.78%,1,42,3,93.48%,2,2,256-test@example.org,"z_assessor_2893, z_assessor_1544"
z_assessor_2899,1,28,1,30,96.67%,0,0,0,0.00%,0,0,0,0.00%,1,22,0,100.00%,0,6,1,85.71%,2,2,257-test@example.org,"z_assessor_2899, z_assessor_32"
z_assessor_1557,8,5,2,15,86.67%,0,0,0,0.00%,0,0,0,0.00%,8,5,2,86.67%,0,0,0,0.00%,1,0,258-test@example.org,z_assessor_1557
z_assessor_2902,0,57,2,59,96.61%,0,0,0,0.00%,0,0,0,0.00%,0,4,0,100.00%,0,53,2,96.36%,2,2,259-test@example.org,"z_assessor_2902, z_assessor_1559"
z_assessor_2906,0,16,3,19,84.21%,0,0,0,0.00%,0,0,0,0.00%,0,0,0,0.00%,0,16,3,84.21%,1,1,260-test@example.org,z_assessor_2906
z_assessor_2907,0,13,2,15,86.67%,0,0,0,0.00%,0,0,0,0.00%,0,0,0,0.00%,0,13,2,86.67%,1,1,261-test@example.org,z_assessor_2907
z_assessor_2908,3,28,5,36,86.11%,0,0,0,0.00%,0,0,0,0.00%,0,0,0,0.00%,3,28,5,86.11%,2,1,262-test@example.org,"z_assessor_2908, z_assessor_1570"
z_assessor_2911,0,31,7,38,81.58%,0,0,0,0.00%,0,0,0,0.00%,0,11,0,100.00%,0,20,7,74.07%,2,0,263-test@example.org,"z_assessor_2911, z_assessor_1574"
z_assessor_2927,0,13,2,15,86.67%,0,0,0,0.00%,0,0,0,0.00%,0,4,1,80.00%,0,9,1,90.00%,2,1,264-test@example.org,"z_assessor_2927, z_assessor_1591"
z_assessor_2929,1,12,2,15,86.67%,0,0,0,0.00%,0,0,0,0.00%,1,1,0,100.00%,0,11,2,84.62%,2,2,265-test@example.org,"z_assessor_2929, z_assessor_1593"
z_assessor_2935,0,33,1,34,97.06%,0,0,0,0.00%,0,0,0,0.00%,0,10,0,100.00%,0,23,1,95.83%,2,2,266-test@example.org,"z_assessor_2935, z_assessor_1602"
z_assessor_2940,1,112,31,144,78.47%,0,0,0,0.00%,0,0,0,0.00%,0,46,5,90.20%,1,66,26,72.04%,2,0,267-test@example.org,"z_assessor_2940, z_assessor_1606"
z_assessor_2942,0,17,5,22,77.27%,0,0,0,0.00%,0,0,0,0.00%,0,13,4,76.47%,0,4,1,80.00%,2,0,268-test@example.org,"z_assessor_2942, z_assessor_1614"
z_assessor_2950,0,12,4,16,75.00%,0,0,0,0.00%,0,0,0,0.00%,0,8,0,100.00%,0,4,4,50.00%,2,0,269-test@example.org,"z_assessor_2950, z_assessor_1623"
z_assessor_1629,0,11,3,14,78.57%,0,0,0,0.00%,0,0,0,0.00%,0,11,3,78.57%,0,0,0,0.00%,1,0,270-test@example.org,z_assessor_1629
z_assessor_2956,3,47,6,56,89.29%,0,0,0,0.00%,0,0,0,0.00%,1,8,2,81.82%,2,39,4,91.11%,2,2,271-test@example.org,"z_assessor_2956, z_assessor_1631"
z_assessor_2957,0,11,4,15,73.33%,0,0,0,0.00%,0,0,0,0.00%,0,8,1,88.89%,0,3,3,50.00%,2,0,272-test@example.org,"z_assessor_2957, z_assessor_1632"
z_assessor_2966,0,76,3,79,96.20%,0,0,0,0.00%,0,0,0,0.00%,0,49,1,98.00%,0,27,2,93.10%,2,2,273-test@example.org,"z_assessor_2966, z_assessor_1651"
z_assessor_2969,1,30,13,44,70.45%,0,0,0,0.00%,0,0,0,0.00%,1,19,4,83.33%,0,11,9,55.00%,2,0,274-test@example.org,"z_assessor_2969, z_assessor_1655"
z_assessor_2971,0,41,9,50,82.00%,0,0,0,0.00%,0,0,0,0.00%,0,25,5,83.33%,0,16,4,80.00%,2,0,275-test@example.org,"z_assessor_2971, z_assessor_1659"
z_assessor_2974,11,42,5,58,91.38%,0,0,0,0.00%,0,0,0,0.00%,1,34,2,94.59%,10,8,3,85.71%,2,2,276-test@example.org,"z_assessor_2974, z_assessor_1664"
z_assessor_2975,0,68,9,77,88.31%,0,0,0,0.00%,0,0,0,0.00%,0,55,5,91.67%,0,13,4,76.47%,2,0,277-test@example.org,"z_assessor_2975, z_assessor_1665"
z_assessor_1666,0,29,1,30,96.67%,0,0,0,0.00%,0,0,0,0.00%,0,29,1,96.67%,0,0,0,0.00%,1,0,278-test@example.org,z_assessor_1666
z_assessor_2979,0,44,2,46,95.65%,0,0,0,0.00%,0,0,0,0.00%,0,32,0,100.00%,0,12,2,85.71%,2,2,279-test@example.org,"z_assessor_2979, z_assessor_1674"
z_assessor_2980,7,29,3,39,92.31%,0,0,0,0.00%,0,0,0,0.00%,7,17,1,96.00%,0,12,2,85.71%,2,2,280-test@example.org,"z_assessor_2980, z_assessor_1675"
z_assessor_2982,0,23,7,30,76.67%,0,0,0,0.00%,0,0,0,0.00%,0,12,3,80.00%,0,11,4,73.33%,2,0,281-test@example.org,"z_assessor_2982, z_assessor_1681"
z_assessor_2984,0,19,4,23,82.61%,0,0,0,0.00%,0,0,0,0.00%,0,0,0,0.00%,0,19,4,82.61%,2,1,282-test@example.org,"z_assessor_2984, z_assessor_1692"
z_assessor_1701,0,21,0,21,100.00%,0,0,0,0.00%,0,0,0,0.00%,0,21,0,100.00%,0,0,0,0.00%,1,0,283-test@example.org,z_assessor_1701
z_assessor_2988,0,33,0,33,100.00%,0,0,0,0.00%,0,0,0,0.00%,0,33,0,100.00%,0,0,0,0.00%,2,0,284-test@example.org,"z_assessor_2988, z_assessor_1702"
z_assessor_2989,1,45,6,52,88.46%,0,0,0,0.00%,0,0,0,0.00%,1,32,1,97.06%,0,13,5,72.22%,2,0,285-test@example.org,"z_assessor_2989, z_assessor_1703"
z_assessor_1709,2,23,0,25,100.00%,0,0,0,0.00%,0,0,0,0.00%,2,23,0,100.00%,0,0,0,0.00%,1,0,286-test@example.org,z_assessor_1709
z_assessor_2992,4,57,4,65,93.85%,0,0,0,0.00%,0,0,0,0.00%,3,16,1,95.00%,1,41,3,93.33%,2,2,287-test@example.org,"z_assessor_2992, z_assessor_1712"
z_assessor_1713,1,38,1,40,97.50%,0,0,0,0.00%,0,0,0,0.00%,1,38,1,97.50%,0,0,0,0.00%,1,0,288-test@example.org,z_assessor_1713
z_assessor_1716,2,9,0,11,100.00%,0,0,0,0.00%,0,0,0,0.00%,2,9,0,100.00%,0,0,0,0.00%,1,0,289-test@example.org,z_assessor_1716
z_assessor_1717,0,14,3,17,82.35%,0,0,0,0.00%,0,0,0,0.00%,0,14,3,82.35%,0,0,0,0.00%,1,0,290-test@example.org,z_assessor_1717
z_assessor_2994,0,8,3,11,72.73%,0,0,0,0.00%,0,0,0,0.00%,0,3,0,100.00%,0,5,3,62.50%,2,0,291-test@example.org,"z_assessor_2994, z_assessor_1719"
z_assessor_2996,0,122,19,141,86.52%,0,0,0,0.00%,0,0,0,0.00%,0,54,9,85.71%,0,68,10,87.18%,2,2,292-test@example.org,"z_assessor_2996, z_assessor_1724"
z_assessor_2997,0,53,18,71,74.65%,0,0,0,0.00%,0,0,0,0.00%,0,27,9,75.00%,0,26,9,74.29%,2,0,293-test@example.org,"z_assessor_2997, z_assessor_1725"
z_assessor_1726,1,19,0,20,100.00%,0,0,0,0.00%,0,0,0,0.00%,1,19,0,100.00%,0,0,0,0.00%,1,0,294-test@example.org,z_assessor_1726
z_assessor_3004,0,12,2,14,85.71%,0,0,0,0.00%,0,0,0,0.00%,0,0,0,0.00%,0,12,2,85.71%,2,1,295-test@example.org,"z_assessor_3004, z_assessor_1737"
z_assessor_3008,0,236,14,250,94.40%,0,0,0,0.00%,0,0,0,0.00%,0,85,0,100.00%,0,151,14,91.52%,2,2,296-test@example.org,"z_assessor_3008, z_assessor_1747"
z_assessor_3009,0,54,20,74,72.97%,0,0,0,0.00%,0,0,0,0.00%,0,47,20,70.15%,0,7,0,100.00%,2,1,297-test@example.org,"z_assessor_3009, z_assessor_1748"
z_assessor_3016,2,92,8,102,92.16%,0,0,0,0.00%,0,0,0,0.00%,1,2,0,100.00%,1,90,8,91.92%,2,2,298-test@example.org,"z_assessor_3016, z_assessor_1762"
z_assessor_3021,0,39,1,40,97.50%,0,0,0,0.00%,0,0,0,0.00%,0,14,0,100.00%,0,25,1,96.15%,2,2,299-test@example.org,"z_assessor_3021, z_assessor_1768"
z_assessor_3022,0,40,1,41,97.56%,0,0,0,0.00%,0,0,0,0.00%,0,29,0,100.00%,0,11,1,91.67%,2,2,300-test@example.org,"z_assessor_3022, z_assessor_1772"
z_assessor_1775,0,17,3,20,85.00%,0,0,0,0.00%,0,0,0,0.00%,0,17,3,85.00%,0,0,0,0.00%,1,0,301-test@example.org,z_assessor_1775
z_assessor_3023,0,21,5,26,80.77%,0,0,0,0.00%,0,0,0,0.00%,0,4,0,100.00%,0,17,5,77.27%,2,0,302-test@example.org,"z_assessor_3023, z_assessor_1784"
z_assessor_3030,3,11,2,16,87.50%,0,0,0,0.00%,0,0,0,0.00%,2,11,0,100.00%,1,0,2,33.33%,2,0,303-test@example.org,"z_assessor_3030, z_assessor_1796"
z_assessor_3031,0,10,4,14,71.43%,0,0,0,0.00%,0,0,0,0.00%,0,3,1,75.00%,0,7,3,70.00%,2,0,304-test@example.org,"z_assessor_3031, z_assessor_1799"
z_assessor_1807,0,16,4,20,80.00%,0,0,0,0.00%,0,0,0,0.00%,0,16,4,80.00%,0,0,0,0.00%,1,0,305-test@example.org,z_assessor_1807
z_assessor_3035,1,27,4,32,87.50%,0,0,0,0.00%,0,0,0,0.00%,1,15,4,80.00%,0,12,0,100.00%,2,1,306-test@example.org,"z_assessor_3035, z_assessor_1818"
z_assessor_3037,0,23,2,25,92.00%,0,0,0,0.00%,0,0,0,0.00%,0,15,1,93.75%,0,8,1,88.89%,2,2,307-test@example.org,"z_assessor_3037, z_assessor_1820"
z_assessor_3046,0,93,12,105,88.57%,0,0,0,0.00%,0,0,0,0.00%,0,13,0,100.00%,0,80,12,86.96%,2,2,308-test@example.org,"z_assessor_3046, z_assessor_1844"
z_assessor_3052,0,25,3,28,89.29%,0,0,0,0.00%,0,0,0,0.00%,0,10,1,90.91%,0,15,2,88.24%,2,2,309-test@example.org,"z_assessor_3052, z_assessor_1870"
z_assessor_3061,1,19,8,28,71.43%,0,0,0,0.00%,0,0,0,0.00%,1,11,3,80.00%,0,8,5,61.54%,2,0,310-test@example.org,"z_assessor_3061, z_assessor_1890"
z_assessor_3063,18,134,20,172,88.37%,0,0,0,0.00%,0,0,0,0.00%,5,59,6,91.43%,13,75,14,86.27%,2,2,311-test@example.org,"z_assessor_3063, z_assessor_1896"
z_assessor_3065,0,13,4,17,76.47%,0,0,0,0.00%,0,0,0,0.00%,0,0,0,0.00%,0,13,4,76.47%,1,0,312-test@example.org,z_assessor_3065
z_assessor_3067,0,21,6,27,77.78%,0,0,0,0.00%,0,0,0,0.00%,0,8,1,88.89%,0,13,5,72.22%,2,0,313-test@example.org,"z_assessor_3067, z_assessor_1908"
z_assessor_3068,0,34,3,37,91.89%,0,0,0,0.00%,0,0,0,0.00%,0,0,0,0.00%,0,34,3,91.89%,1,1,314-test@example.org,z_assessor_3068
z_assessor_3078,0,9,3,12,75.00%,0,0,0,0.00%,0,0,0,0.00%,0,1,1,50.00%,0,8,2,80.00%,2,0,315-test@example.org,"z_assessor_3078, z_assessor_1923"
z_assessor_3080,0,37,4,41,90.24%,0,0,0,0.00%,0,0,0,0.00%,0,31,3,91.18%,0,6,1,85.71%,2,2,316-test@example.org,"z_assessor_3080, z_assessor_1934"
z_assessor_3084,2,12,0,14,100.00%,0,0,0,0.00%,0,0,0,0.00%,1,12,0,100.00%,1,0,0,100.00%,2,2,317-test@example.org,"z_assessor_3084, z_assessor_1939"
z_assessor_3085,0,15,3,18,83.33%,0,0,0,0.00%,0,0,0,0.00%,0,5,1,83.33%,0,10,2,83.33%,2,2,318-test@example.org,"z_assessor_3085, z_assessor_1944"
z_assessor_3086,3,15,2,20,90.00%,0,0,0,0.00%,0,0,0,0.00%,0,9,1,90.00%,3,6,1,90.00%,2,2,319-test@example.org,"z_assessor_3086, z_assessor_1953"
z_assessor_3088,0,25,3,28,89.29%,0,0,0,0.00%,0,0,0,0.00%,0,10,2,83.33%,0,15,1,93.75%,2,2,320-test@example.org,"z_assessor_3088, z_assessor_1959"
z_assessor_3096,1,16,1,18,94.44%,0,0,0,0.00%,0,0,0,0.00%,1,1,1,66.67%,0,15,0,100.00%,2,1,321-test@example.org,"z_assessor_3096, z_assessor_1991"
z_assessor_2020,0,13,1,14,92.86%,0,0,0,0.00%,0,0,0,0.00%,0,13,1,92.86%,0,0,0,0.00%,1,0,322-test@example.org,z_assessor_2020
z_assessor_3105,0,13,0,13,100.00%,0,0,0,0.00%,0,0,0,0.00%,0,5,0,100.00%,0,8,0,100.00%,2,2,323-test@example.org,"z_assessor_3105, z_assessor_2024"
z_assessor_3106,0,18,1,19,94.74%,0,0,0,0.00%,0,0,0,0.00%,0,0,0,0.00%,0,18,1,94.74%,1,1,324-test@example.org,z_assessor_3106
z_assessor_3119,0,11,1,12,91.67%,0,0,0,0.00%,0,0,0,0.00%,0,0,0,0.00%,0,11,1,91.67%,1,1,325-test@example.org,z_assessor_3119
z_assessor_3138,0,37,1,38,97.37%,0,0,0,0.00%,0,0,0,0.00%,0,0,0,0.00%,0,37,1,97.37%,1,1,326-test@example.org,z_assessor_3138
z_assessor_3144,0,45,6,51,88.24%,0,0,0,0.00%,0,0,0,0.00%,0,0,0,0.00%,0,45,6,88.24%,1,1,327-test@example.org,z_assessor_3144
z_assessor_3153,0,12,0,12,100.00%,0,0,0,0.00%,0,0,0,0.00%,0,0,0,0.00%,0,12,0,100.00%,1,1,328-test@example.org,z_assessor_3153
z_assessor_3160,0,29,3,32,90.63%,0,0,0,0.00%,0,0,0,0.00%,0,0,0,0.00%,0,29,3,90.63%,1,1,329-test@example.org,z_assessor_3160
z_assessor_3170,0,20,2,22,90.91%,0,0,0,0.00%,0,0,0,0.00%,0,0,0,0.00%,0,20,2,90.91%,1,1,330-test@example.org,z_assessor_3170
z_assessor_3183,0,49,9,58,84.48%,0,0,0,0.00%,0,0,0,0.00%,0,0,0,0.00%,0,49,9,84.48%,1,1,331-test@example.org,z_assessor_3183
z_assessor_3189,0,29,7,36,80.56%,0,0,0,0.00%,0,0,0,0.00%,0,0,0,0.00%,0,29,7,80.56%,1,1,332-test@example.org,z_assessor_3189
z_assessor_3190,4,27,3,34,91.18%,0,0,0,0.00%,0,0,0,0.00%,0,0,0,0.00%,4,27,3,91.18%,1,1,333-test@example.org,z_assessor_3190
z_assessor_3193,0,30,2,32,93.75%,0,0,0,0.00%,0,0,0,0.00%,0,0,0,0.00%,0,30,2,93.75%,1,1,334-test@example.org,z_assessor_3193
z_assessor_3208,0,11,3,14,78.57%,0,0,0,0.00%,0,0,0,0.00%,0,0,0,0.00%,0,11,3,78.57%,1,0,335-test@example.org,z_assessor_3208
z_assessor_3223,0,9,3,12,75.00%,0,0,0,0.00%,0,0,0,0.00%,0,0,0,0.00%,0,9,3,75.00%,1,0,336-test@example.org,z_assessor_3223
z_assessor_3225,0,25,2,27,92.59%,0,0,0,0.00%,0,0,0,0.00%,0,0,0,0.00%,0,25,2,92.59%,1,1,337-test@example.org,z_assessor_3225
z_assessor_3235,0,27,2,29,93.10%,0,0,0,0.00%,0,0,0,0.00%,0,0,0,0.00%,0,27,2,93.10%,1,1,338-test@example.org,z_assessor_3235
z_assessor_3237,1,34,0,35,100.00%,0,0,0,0.00%,0,0,0,0.00%,0,0,0,0.00%,1,34,0,100.00%,1,1,339-test@example.org,z_assessor_3237
z_assessor_3241,0,20,1,21,95.24%,0,0,0,0.00%,0,0,0,0.00%,0,0,0,0.00%,0,20,1,95.24%,1,1,340-test@example.org,z_assessor_3241
z_assessor_3243,0,46,4,50,92.00%,0,0,0,0.00%,0,0,0,0.00%,0,0,0,0.00%,0,46,4,92.00%,1,1,341-test@example.org,z_assessor_3243
z_assessor_3246,0,28,5,33,84.85%,0,0,0,0.00%,0,0,0,0.00%,0,0,0,0.00%,0,28,5,84.85%,1,1,342-test@example.org,z_assessor_3246
z_assessor_3250,0,11,1,12,91.67%,0,0,0,0.00%,0,0,0,0.00%,0,0,0,0.00%,0,11,1,91.67%,1,1,343-test@example.org,z_assessor_3250
z_assessor_3252,0,12,0,12,100.00%,0,0,0,0.00%,0,0,0,0.00%,0,0,0,0.00%,0,12,0,100.00%,1,1,344-test@example.org,z_assessor_3252
z_assessor_3255,0,26,5,31,83.87%,0,0,0,0.00%,0,0,0,0.00%,0,0,0,0.00%,0,26,5,83.87%,1,1,345-test@example.org,z_assessor_3255
z_assessor_3256,2,27,3,32,90.63%,0,0,0,0.00%,0,0,0,0.00%,0,0,0,0.00%,2,27,3,90.63%,1,1,346-test@example.org,z_assessor_3256
z_assessor_3260,2,12,6,20,70.00%,0,0,0,0.00%,0,0,0,0.00%,0,0,0,0.00%,2,12,6,70.00%,1,0,347-test@example.org,z_assessor_3260
z_assessor_3264,0,25,4,29,86.21%,0,0,0,0.00%,0,0,0,0.00%,0,0,0,0.00%,0,25,4,86.21%,1,1,348-test@example.org,z_assessor_3264
z_assessor_3270,0,33,4,37,89.19%,0,0,0,0.00%,0,0,0,0.00%,0,0,0,0.00%,0,33,4,89.19%,1,1,349-test@example.org,z_assessor_3270
z_assessor_3273,0,16,0,16,100.00%,0,0,0,0.00%,0,0,0,0.00%,0,0,0,0.00%,0,16,0,100.00%,1,1,350-test@example.org,z_assessor_3273
z_assessor_3279,6,31,3,40,92.50%,0,0,0,0.00%,0,0,0,0.00%,0,0,0,0.00%,6,31,3,92.50%,1,1,351-test@example.org,z_assessor_3279
z_assessor_3281,6,14,2,22,90.91%,0,0,0,0.00%,0,0,0,0.00%,0,0,0,0.00%,6,14,2,90.91%,1,1,352-test@example.org,z_assessor_3281
z_assessor_3284,0,10,0,10,100.00%,0,0,0,0.00%,0,0,0,0.00%,0,0,0,0.00%,0,10,0,100.00%,1,1,353-test@example.org,z_assessor_3284
z_assessor_3289,0,10,0,10,100.00%,0,0,0,0.00%,0,0,0,0.00%,0,0,0,0.00%,0,10,0,100.00%,1,1,354-test@example.org,z_assessor_3289
z_assessor_3296,1,9,0,10,100.00%,0,0,0,0.00%,0,0,0,0.00%,0,0,0,0.00%,1,9,0,100.00%,1,1,355-test@example.org,z_assessor_3296
z_assessor_3312,0,13,1,14,92.86%,0,0,0,0.00%,0,0,0,0.00%,0,0,0,0.00%,0,13,1,92.86%,1,1,356-test@example.org,z_assessor_3312
z_assessor_3314,0,9,1,10,90.00%,0,0,0,0.00%,0,0,0,0.00%,0,0,0,0.00%,0,9,1,90.00%,1,1,357-test@example.org,z_assessor_3314
z_assessor_3319,0,31,1,32,96.88%,0,0,0,0.00%,0,0,0,0.00%,0,0,0,0.00%,0,31,1,96.88%,1,1,358-test@example.org,z_assessor_3319
z_assessor_3320,0,15,1,16,93.75%,0,0,0,0.00%,0,0,0,0.00%,0,0,0,0.00%,0,15,1,93.75%,1,1,359-test@example.org,z_assessor_3320
z_assessor_3321,0,9,2,11,81.82%,0,0,0,0.00%,0,0,0,0.00%,0,0,0,0.00%,0,9,2,81.82%,1,1,360-test@example.org,z_assessor_3321
z_assessor_3325,0,14,1,15,93.33%,0,0,0,0.00%,0,0,0,0.00%,0,0,0,0.00%,0,14,1,93.33%,1,1,361-test@example.org,z_assessor_3325
z_assessor_3353,2,12,2,16,87.50%,0,0,0,0.00%,0,0,0,0.00%,0,0,0,0.00%,2,12,2,87.50%,1,1,362-test@example.org,z_assessor_3353
z_assessor_3367,1,23,5,29,82.76%,0,0,0,0.00%,0,0,0,0.00%,0,0,0,0.00%,1,23,5,82.76%,1,1,363-test@example.org,z_assessor_3367
z_assessor_3371,0,9,1,10,90.00%,0,0,0,0.00%,0,0,0,0.00%,0,0,0,0.00%,0,9,1,90.00%,1,1,364-test@example.org,z_assessor_3371
z_assessor_3401,0,34,12,46,73.91%,0,0,0,0.00%,0,0,0,0.00%,0,0,0,0.00%,0,34,12,73.91%,1,0,365-test@example.org,z_assessor_3401
z_assessor_3408,2,44,1,47,97.87%,0,0,0,0.00%,0,0,0,0.00%,0,0,0,0.00%,2,44,1,97.87%,1,1,366-test@example.org,z_assessor_3408
z_assessor_3420,0,16,2,18,88.89%,0,0,0,0.00%,0,0,0,0.00%,0,0,0,0.00%,0,16,2,88.89%,1,1,367-test@example.org,z_assessor_3420
z_assessor_3438,0,26,0,26,100.00%,0,0,0,0.00%,0,0,0,0.00%,0,0,0,0.00%,0,26,0,100.00%,1,1,368-test@example.org,z_assessor_3438
z_assessor_3445,0,65,3,68,95.59%,0,0,0,0.00%,0,0,0,0.00%,0,0,0,0.00%,0,65,3,95.59%,1,1,369-test@example.org,z_assessor_3445
z_assessor_3449,0,35,0,35,100.00%,0,0,0,0.00%,0,0,0,0.00%,0,0,0,0.00%,0,35,0,100.00%,1,1,370-test@example.org,z_assessor_3449
z_assessor_3470,2,14,2,18,88.89%,0,0,0,0.00%,0,0,0,0.00%,0,0,0,0.00%,2,14,2,88.89%,1,1,371-test@example.org,z_assessor_3470
z_assessor_3472,0,57,17,74,77.03%,0,0,0,0.00%,0,0,0,0.00%,0,0,0,0.00%,0,57,17,77.03%,1,0,372-test@example.org,z_assessor_3472
z_assessor_3494,0,9,1,10,90.00%,0,0,0,0.00%,0,0,0,0.00%,0,0,0,0.00%,0,9,1,90.00%,1,1,373-test@example.org,z_assessor_3494
z_assessor_3497,0,26,0,26,100.00%,0,0,0,0.00%,0,0,0,0.00%,0,0,0,0.00%,0,26,0,100.00%,1,1,374-test@example.org,z_assessor_3497
z_assessor_3514,0,14,5,19,73.68%,0,0,0,0.00%,0,0,0,0.00%,0,0,0,0.00%,0,14,5,73.68%,1,0,375-test@example.org,z_assessor_3514
z_assessor_3521,0,59,8,67,88.06%,0,0,0,0.00%,0,0,0,0.00%,0,0,0,0.00%,0,59,8,88.06%,1,1,376-test@example.org,z_assessor_3521
z_assessor_3617,0,8,2,10,80.00%,0,0,0,0.00%,0,0,0,0.00%,0,0,0,0.00%,0,8,2,80.00%,1,0,377-test@example.org,z_assessor_3617
z_assessor_3624,0,12,0,12,100.00%,0,0,0,0.00%,0,0,0,0.00%,0,0,0,0.00%,0,12,0,100.00%,1,1,378-test@example.org,z_assessor_3624
z_assessor_3644,1,9,0,10,100.00%,0,0,0,0.00%,0,0,0,0.00%,0,0,0,0.00%,1,9,0,100.00%,1,1,379-test@example.org,z_assessor_3644
z_assessor_3650,0,33,8,41,80.49%,0,0,0,0.00%,0,0,0,0.00%,0,0,0,0.00%,0,33,8,80.49%,1,1,380-test@example.org,z_assessor_3650
z_assessor_3696,0,13,1,14,92.86%,0,0,0,0.00%,0,0,0,0.00%,0,0,0,0.00%,0,13,1,92.86%,1,1,381-test@example.org,z_assessor_3696
z_assessor_3702,5,39,5,49,89.80%,0,0,0,0.00%,0,0,0,0.00%,0,0,0,0.00%,5,39,5,89.80%,1,1,382-test@example.org,z_assessor_3702
z_assessor_3735,0,14,2,16,87.50%,0,0,0,0.00%,0,0,0,0.00%,0,0,0,0.00%,0,14,2,87.50%,1,1,383-test@example.org,z_assessor_3735
z_assessor_3750,6,4,0,10,100.00%,0,0,0,0.00%,0,0,0,0.00%,0,0,0,0.00%,6,4,0,100.00%,1,1,384-test@example.org,z_assessor_3750
z_assessor_3777,0,10,0,10,100.00%,0,0,0,0.00%,0,0,0,0.00%,0,0,0,0.00%,0,10,0,100.00%,1,1,385-test@example.org,z_assessor_3777
z_assessor_3833,0,57,3,60,95.00%,0,0,0,0.00%,0,0,0,0.00%,0,0,0,0.00%,0,57,3,95.00%,1,1,386-test@example.org,z_assessor_3833
z_assessor_3840,8,23,0,31,100.00%,0,0,0,0.00%,0,0,0,0.00%,0,0,0,0.00%,8,23,0,100.00%,1,1,387-test@example.org,z_assessor_3840
z_assessor_3870,1,31,1,33,96.97%,0,0,0,0.00%,0,0,0,0.00%,0,0,0,0.00%,1,31,1,96.97%,1,1,388-test@example.org,z_assessor_3870
z_assessor_3872,0,15,4,19,78.95%,0,0,0,0.00%,0,0,0,0.00%,0,0,0,0.00%,0,15,4,78.95%,1,0,389-test@example.org,z_assessor_3872
z_assessor_3879,0,9,1,10,90.00%,0,0,0,0.00%,0,0,0,0.00%,0,0,0,0.00%,0,9,1,90.00%,1,1,390-test@example.org,z_assessor_3879
z_assessor_3902,0,11,1,12,91.67%,0,0,0,0.00%,0,0,0,0.00%,0,0,0,0.00%,0,11,1,91.67%,1,1,391-test@example.org,z_assessor_3902
z_assessor_3906,0,9,1,10,90.00%,0,0,0,0.00%,0,0,0,0.00%,0,0,0,0.00%,0,9,1,90.00%,1,1,392-test@example.org,z_assessor_3906
z_assessor_3950,4,8,4,16,75.00%,0,0,0,0.00%,0,0,0,0.00%,0,0,0,0.00%,4,8,4,75.00%,1,0,393-test@example.org,z_assessor_3950
z_assessor_4045,0,16,2,18,88.89%,0,0,0,0.00%,0,0,0,0.00%,0,0,0,0.00%,0,16,2,88.89%,1,1,394-test@example.org,z_assessor_4045
z_assessor_4055,1,32,5,38,86.84%,0,0,0,0.00%,0,0,0,0.00%,0,0,0,0.00%,1,32,5,86.84%,1,1,395-test@example.org,z_assessor_4055
z_assessor_4060,0,33,2,35,94.29%,0,0,0,0.00%,0,0,0,0.00%,0,0,0,0.00%,0,33,2,94.29%,1,1,396-test@example.org,z_assessor_4060
z_assessor_4072,0,22,1,23,95.65%,0,0,0,0.00%,0,0,0,0.00%,0,0,0,0.00%,0,22,1,95.65%,1,1,397-test@example.org,z_assessor_4072
z_assessor_4073,1,27,4,32,87.50%,0,0,0,0.00%,0,0,0,0.00%,0,0,0,0.00%,1,27,4,87.50%,1,1,398-test@example.org,z_assessor_4073
z_assessor_4075,0,8,2,10,80.00%,0,0,0,0.00%,0,0,0,0.00%,0,0,0,0.00%,0,8,2,80.00%,1,0,399-test@example.org,z_assessor_4075
z_assessor_4076,0,20,7,27,74.07%,0,0,0,0.00%,0,0,0,0.00%,0,0,0,0.00%,0,20,7,74.07%,1,0,400-test@example.org,z_assessor_4076
z_assessor_4097,6,3,1,10,90.00%,0,0,0,0.00%,0,0,0,0.00%,0,0,0,0.00%,6,3,1,90.00%,1,1,401-test@example.org,z_assessor_4097
z_assessor_4098,0,34,7,41,82.93%,0,0,0,0.00%,0,0,0,0.00%,0,0,0,0.00%,0,34,7,82.93%,1,1,402-test@example.org,z_assessor_4098
z_assessor_4099,0,29,0,29,100.00%,0,0,0,0.00%,0,0,0,0.00%,0,0,0,0.00%,0,29,0,100.00%,1,1,403-test@example.org,z_assessor_4099
z_assessor_4104,0,32,3,35,91.43%,0,0,0,0.00%,0,0,0,0.00%,0,0,0,0.00%,0,32,3,91.43%,1,1,404-test@example.org,z_assessor_4104
z_assessor_4106,0,14,6,20,70.00%,0,0,0,0.00%,0,0,0,0.00%,0,0,0,0.00%,0,14,6,70.00%,1,0,405-test@example.org,z_assessor_4106
z_assessor_4108,0,9,2,11,81.82%,0,0,0,0.00%,0,0,0,0.00%,0,0,0,0.00%,0,9,2,81.82%,1,1,406-test@example.org,z_assessor_4108
z_assessor_4113,1,20,3,24,87.50%,0,0,0,0.00%,0,0,0,0.00%,0,0,0,0.00%,1,20,3,87.50%,1,1,407-test@example.org,z_assessor_4113
z_assessor_4118,3,16,1,20,95.00%,0,0,0,0.00%,0,0,0,0.00%,0,0,0,0.00%,3,16,1,95.00%,1,1,408-test@example.org,z_assessor_4118
